source_file,file_name
0001_a-j-lawson.png,0001_a-j-lawson.jpg
0002_aj-green.png,0002_aj-green.jpg
0003_aj-johnson.png,0003_aj-johnson.jpg
0004_aaron-gordon.png,0004_aaron-gordon.jpg
0005_aaron-holiday.png,0005_aaron-holiday.jpg
0006_aaron-nesmith.png,0006_aaron-nesmith.jpg
0007_aaron-wiggins.png,0007_aaron-wiggins.jpg
0008_ace-bailey.png,0008_ace-bailey.jpg
0009_adama-bal.png,0009_adama-bal.jpg
0010_adem-bona.png,0010_adem-bona.jpg
0011_adou-thiero.png,0011_adou-thiero.jpg
0012_ajay-mitchell.png,0012_ajay-mitchell.jpg
0013_al-horford.png,0013_al-horford.jpg
0014_alex-antetokounmpo.png,0014_alex-antetokounmpo.jpg
0015_alex-caruso.png,0015_alex-caruso.jpg
0016_alex-morales.png,0016_alex-morales.jpg
0017_alex-sarr.png,0017_alex-sarr.jpg
0018_alijah-martin.png,0018_alijah-martin.jpg
0019_alondes-williams.png,0019_alondes-williams.jpg
0020_alperen-sengun.png,0020_alperen-sengun.jpg
0021_amari-williams.png,0021_amari-williams.jpg
0022_amen-thompson.png,0022_amen-thompson.jpg
0023_amir-coffey.png,0023_amir-coffey.jpg
0024_andersson-garcia.png,0024_andersson-garcia.jpg
0025_andre-drummond.png,0025_andre-drummond.jpg
0026_andre-jackson-jr.png,0026_andre-jackson-jr.jpg
0027_andrew-nembhard.png,0027_andrew-nembhard.jpg
0028_andrew-wiggins.png,0028_andrew-wiggins.jpg
0029_anfernee-simons.png,0029_anfernee-simons.jpg
0030_anthony-black.png,0030_anthony-black.jpg
0031_anthony-davis.png,0031_anthony-davis.jpg
0032_anthony-edwards.png,0032_anthony-edwards.jpg
0033_anthony-gill.png,0033_anthony-gill.jpg
0034_antonio-reeves.png,0034_antonio-reeves.jpg
0035_ariel-hukporti.png,0035_ariel-hukporti.jpg
0036_asa-newell.png,0036_asa-newell.jpg
0037_ausar-thompson.png,0037_ausar-thompson.jpg
0038_austin-reaves.png,0038_austin-reaves.jpg
0039_ayo-dosunmu.png,0039_ayo-dosunmu.jpg
0040_bam-adebayo.png,0040_bam-adebayo.jpg
0041_baylor-scheierman.png,0041_baylor-scheierman.jpg
0042_ben-saraf.png,0042_ben-saraf.jpg
0043_ben-sheppard.png,0043_ben-sheppard.jpg
0044_bennedict-mathurin.png,0044_bennedict-mathurin.jpg
0045_bez-mbeng.png,0045_bez-mbeng.jpg
0046_bilal-coulibaly.png,0046_bilal-coulibaly.jpg
0047_bismack-biyombo.png,0047_bismack-biyombo.jpg
0048_blake-hinson.png,0048_blake-hinson.jpg
0049_blake-wesley.png,0049_blake-wesley.jpg
0050_bobby-portis.png,0050_bobby-portis.jpg
0051_bobi-klintman.png,0051_bobi-klintman.jpg
0052_bogdan-bogdanovi.png,0052_bogdan-bogdanovi.jpg
0053_bones-hyland.png,0053_bones-hyland.jpg
0054_bradley-beal.png,0054_bradley-beal.jpg
0055_branden-carlson.png,0055_branden-carlson.jpg
0056_brandin-podziemski.png,0056_brandin-podziemski.jpg
0057_brandon-clarke.png,0057_brandon-clarke.jpg
0058_brandon-ingram.png,0058_brandon-ingram.jpg
0059_brandon-miller.png,0059_brandon-miller.jpg
0060_brandon-williams.png,0060_brandon-williams.jpg
0061_brice-sensabaugh.png,0061_brice-sensabaugh.jpg
0062_bronny-james.png,0062_bronny-james.jpg
0063_brook-lopez.png,0063_brook-lopez.jpg
0064_brooks-barnhizer.png,0064_brooks-barnhizer.jpg
0065_bruce-brown.png,0065_bruce-brown.jpg
0066_bryce-mcgowens.png,0066_bryce-mcgowens.jpg
0067_bub-carrington.png,0067_bub-carrington.jpg
0068_buddy-boeheim.png,0068_buddy-boeheim.jpg
0069_buddy-hield.png,0069_buddy-hield.jpg
0070_cj-huntley.png,0070_cj-huntley.jpg
0071_cj-mccollum.png,0071_cj-mccollum.jpg
0072_cade-cunningham.png,0072_cade-cunningham.jpg
0073_caleb-houstan.png,0073_caleb-houstan.jpg
0074_caleb-love.png,0074_caleb-love.jpg
0075_caleb-martin.png,0075_caleb-martin.jpg
0076_cam-christie.png,0076_cam-christie.jpg
0077_cam-spencer.png,0077_cam-spencer.jpg
0078_cam-thomas.png,0078_cam-thomas.jpg
0079_cam-whitmore.png,0079_cam-whitmore.jpg
0080_cameron-johnson.png,0080_cameron-johnson.jpg
0081_cameron-payne.png,0081_cameron-payne.jpg
0082_caris-levert.png,0082_caris-levert.jpg
0083_carter-bryant.png,0083_carter-bryant.jpg
0084_cason-wallace.png,0084_cason-wallace.jpg
0085_cedric-coward.png,0085_cedric-coward.jpg
0086_chaney-johnson.png,0086_chaney-johnson.jpg
0087_charles-bassey.png,0087_charles-bassey.jpg
0088_chaz-lanier.png,0088_chaz-lanier.jpg
0089_chet-holmgren.png,0089_chet-holmgren.jpg
0090_chris-boucher.png,0090_chris-boucher.jpg
0091_chris-livingston.png,0091_chris-livingston.jpg
0092_chris-ma-on.png,0092_chris-ma-on.jpg
0093_chris-paul.png,0093_chris-paul.jpg
0094_chris-youngblood.png,0094_chris-youngblood.jpg
0095_christian-braun.png,0095_christian-braun.jpg
0096_christian-koloko.png,0096_christian-koloko.jpg
0097_chucky-hepburn.png,0097_chucky-hepburn.jpg
0098_clint-capela.png,0098_clint-capela.jpg
0099_coby-white.png,0099_coby-white.jpg
0100_cody-martin.png,0100_cody-martin.jpg
0101_cody-williams.png,0101_cody-williams.jpg
0102_colby-jones.png,0102_colby-jones.jpg
0103_cole-anthony.png,0103_cole-anthony.jpg
0104_colin-castleton.png,0104_colin-castleton.jpg
0105_collin-gillespie.png,0105_collin-gillespie.jpg
0106_collin-murray-boyles.png,0106_collin-murray-boyles.jpg
0107_collin-sexton.png,0107_collin-sexton.jpg
0108_cooper-flagg.png,0108_cooper-flagg.jpg
0109_corey-kispert.png,0109_corey-kispert.jpg
0110_cormac-ryan.png,0110_cormac-ryan.jpg
0111_craig-porter-jr.png,0111_craig-porter-jr.jpg
0112_curtis-jones.png,0112_curtis-jones.jpg
0113_d-angelo-russell.png,0113_d-angelo-russell.jpg
0114_daquan-jeffries.png,0114_daquan-jeffries.jpg
0115_daron-holmes-ii.png,0115_daron-holmes-ii.jpg
0116_daeqwon-plowden.png,0116_daeqwon-plowden.jpg
0117_dalano-banton.png,0117_dalano-banton.jpg
0118_dalen-terry.png,0118_dalen-terry.jpg
0119_dalton-knecht.png,0119_dalton-knecht.jpg
0120_daniel-gafford.png,0120_daniel-gafford.jpg
0121_daniss-jenkins.png,0121_daniss-jenkins.jpg
0122_danny-wolf.png,0122_danny-wolf.jpg
0123_dario-ari.png,0123_dario-ari.jpg
0124_dariq-whitehead.png,0124_dariq-whitehead.jpg
0125_darius-brown.png,0125_darius-brown.jpg
0126_darius-garland.png,0126_darius-garland.jpg
0127_david-jones-garcia.png,0127_david-jones-garcia.jpg
0128_david-roddy.png,0128_david-roddy.jpg
0129_davion-mitchell.png,0129_davion-mitchell.jpg
0130_day-ron-sharpe.png,0130_day-ron-sharpe.jpg
0131_de-aaron-fox.png,0131_de-aaron-fox.jpg
0132_de-andre-hunter.png,0132_de-andre-hunter.jpg
0133_de-anthony-melton.png,0133_de-anthony-melton.jpg
0134_deandre-jordan.png,0134_deandre-jordan.jpg
0135_dejon-jarreau.png,0135_dejon-jarreau.jpg
0136_demar-derozan.png,0136_demar-derozan.jpg
0137_dean-wade.png,0137_dean-wade.jpg
0138_deandre-ayton.png,0138_deandre-ayton.jpg
0139_dejounte-murray.png,0139_dejounte-murray.jpg
0140_deni-avdija.png,0140_deni-avdija.jpg
0141_dennis-schr-der.png,0141_dennis-schr-der.jpg
0142_dereck-lively-ii.png,0142_dereck-lively-ii.jpg
0143_derik-queen.png,0143_derik-queen.jpg
0144_derrick-jones-jr.png,0144_derrick-jones-jr.jpg
0145_derrick-white.png,0145_derrick-white.jpg
0146_desmond-bane.png,0146_desmond-bane.jpg
0147_devin-booker.png,0147_devin-booker.jpg
0148_devin-carter.png,0148_devin-carter.jpg
0149_devin-vassell.png,0149_devin-vassell.jpg
0150_dillon-brooks.png,0150_dillon-brooks.jpg
0151_dillon-jones.png,0151_dillon-jones.jpg
0152_domantas-sabonis.png,0152_domantas-sabonis.jpg
0153_dominick-barlow.png,0153_dominick-barlow.jpg
0154_donovan-clingan.png,0154_donovan-clingan.jpg
0155_donovan-mitchell.png,0155_donovan-mitchell.jpg
0156_donte-divincenzo.png,0156_donte-divincenzo.jpg
0157_dorian-finney-smith.png,0157_dorian-finney-smith.jpg
0158_doug-mcdermott.png,0158_doug-mcdermott.jpg
0159_drake-powell.png,0159_drake-powell.jpg
0160_draymond-green.png,0160_draymond-green.jpg
0161_drew-eubanks.png,0161_drew-eubanks.jpg
0162_drew-peterson.png,0162_drew-peterson.jpg
0163_drew-timme.png,0163_drew-timme.jpg
0164_dru-smith.png,0164_dru-smith.jpg
0165_duncan-robinson.png,0165_duncan-robinson.jpg
0166_duop-reath.png,0166_duop-reath.jpg
0167_dwight-powell.png,0167_dwight-powell.jpg
0168_dylan-cardwell.png,0168_dylan-cardwell.jpg
0169_dylan-harper.png,0169_dylan-harper.jpg
0170_dyson-daniels.png,0170_dyson-daniels.jpg
0171_e-j-liddell.png,0171_e-j-liddell.jpg
0172_egor-d-min.png,0172_egor-d-min.jpg
0173_elijah-harkless.png,0173_elijah-harkless.jpg
0174_emanuel-miller.png,0174_emanuel-miller.jpg
0175_enrique-freeman.png,0175_enrique-freeman.jpg
0176_eric-gordon.png,0176_eric-gordon.jpg
0177_ethan-thompson.png,0177_ethan-thompson.jpg
0178_evan-mobley.png,0178_evan-mobley.jpg
0179_franz-wagner.png,0179_franz-wagner.jpg
0180_gg-jackson.png,0180_gg-jackson.jpg
0181_gabe-vincent.png,0181_gabe-vincent.jpg
0182_garrett-temple.png,0182_garrett-temple.jpg
0183_garrison-mathews.png,0183_garrison-mathews.jpg
0184_gary-harris.png,0184_gary-harris.jpg
0185_gary-payton-ii.png,0185_gary-payton-ii.jpg
0186_gary-trent-jr.png,0186_gary-trent-jr.jpg
0187_giannis-antetokounmpo.png,0187_giannis-antetokounmpo.jpg
0188_goga-bitadze.png,0188_goga-bitadze.jpg
0189_gradey-dick.png,0189_gradey-dick.jpg
0190_grant-nelson.png,0190_grant-nelson.jpg
0191_grant-williams.png,0191_grant-williams.jpg
0192_grayson-allen.png,0192_grayson-allen.jpg
0193_guerschon-yabusele.png,0193_guerschon-yabusele.jpg
0194_gui-santos.png,0194_gui-santos.jpg
0195_harrison-barnes.png,0195_harrison-barnes.jpg
0196_harrison-ingram.png,0196_harrison-ingram.jpg
0197_hayden-gray.png,0197_hayden-gray.jpg
0198_haywood-highsmith.png,0198_haywood-highsmith.jpg
0199_herbert-jones.png,0199_herbert-jones.jpg
0200_hugo-gonz-lez.png,0200_hugo-gonz-lez.jpg
0201_hunter-dickinson.png,0201_hunter-dickinson.jpg
0202_hunter-sallis.png,0202_hunter-sallis.jpg
0203_hunter-tyson.png,0203_hunter-tyson.jpg
0204_immanuel-quickley.png,0204_immanuel-quickley.jpg
0205_isaac-jones.png,0205_isaac-jones.jpg
0206_isaac-okoro.png,0206_isaac-okoro.jpg
0207_isaiah-collier.png,0207_isaiah-collier.jpg
0208_isaiah-crawford.png,0208_isaiah-crawford.jpg
0209_isaiah-hartenstein.png,0209_isaiah-hartenstein.jpg
0210_isaiah-jackson.png,0210_isaiah-jackson.jpg
0211_isaiah-joe.png,0211_isaiah-joe.jpg
0212_isaiah-livers.png,0212_isaiah-livers.jpg
0213_isaiah-stevens.png,0213_isaiah-stevens.jpg
0214_isaiah-stewart.png,0214_isaiah-stewart.jpg
0215_ivica-zubac.png,0215_ivica-zubac.jpg
0216_jd-davison.png,0216_jd-davison.jpg
0217_ja-morant.png,0217_ja-morant.jpg
0218_ja-kobe-walter.png,0218_ja-kobe-walter.jpg
0219_jabari-smith-jr.png,0219_jabari-smith-jr.jpg
0220_jabari-walker.png,0220_jabari-walker.jpg
0221_jacob-toppin.png,0221_jacob-toppin.jpg
0222_jaden-hardy.png,0222_jaden-hardy.jpg
0223_jaden-ivey.png,0223_jaden-ivey.jpg
0224_jaden-mcdaniels.png,0224_jaden-mcdaniels.jpg
0225_jae-sean-tate.png,0225_jae-sean-tate.jpg
0226_jahmai-mashack.png,0226_jahmai-mashack.jpg
0227_jahmir-young.png,0227_jahmir-young.jpg
0228_jahmyl-telfort.png,0228_jahmyl-telfort.jpg
0229_jaime-jaquez-jr.png,0229_jaime-jaquez-jr.jpg
0230_jake-laravia.png,0230_jake-laravia.jpg
0231_jakob-poeltl.png,0231_jakob-poeltl.jpg
0232_jalen-brunson.png,0232_jalen-brunson.jpg
0233_jalen-duren.png,0233_jalen-duren.jpg
0234_jalen-green.png,0234_jalen-green.jpg
0235_jalen-johnson.png,0235_jalen-johnson.jpg
0236_jalen-pickett.png,0236_jalen-pickett.jpg
0237_jalen-slawson.png,0237_jalen-slawson.jpg
0238_jalen-smith.png,0238_jalen-smith.jpg
0239_jalen-suggs.png,0239_jalen-suggs.jpg
0240_jalen-williams.png,0240_jalen-williams.jpg
0241_jalen-wilson.png,0241_jalen-wilson.jpg
0242_jamal-cain.png,0242_jamal-cain.jpg
0243_jamal-murray.png,0243_jamal-murray.jpg
0244_jamal-shead.png,0244_jamal-shead.jpg
0245_jamaree-bouyea.png,0245_jamaree-bouyea.jpg
0246_james-harden.png,0246_james-harden.jpg
0247_james-wiseman.png,0247_james-wiseman.jpg
0248_jamir-watkins.png,0248_jamir-watkins.jpg
0249_jamison-battle.png,0249_jamison-battle.jpg
0250_jarace-walker.png,0250_jarace-walker.jpg
0251_jared-mccain.png,0251_jared-mccain.jpg
0252_jaren-jackson-jr.png,0252_jaren-jackson-jr.jpg
0253_jarred-vanderbilt.png,0253_jarred-vanderbilt.jpg
0254_jarrett-allen.png,0254_jarrett-allen.jpg
0255_jase-richardson.png,0255_jase-richardson.jpg
0256_javon-small.png,0256_javon-small.jpg
0257_javonte-cooke.png,0257_javonte-cooke.jpg
0258_javonte-green.png,0258_javonte-green.jpg
0259_jaxson-hayes.png,0259_jaxson-hayes.jpg
0260_jay-huff.png,0260_jay-huff.jpg
0261_jaylen-brown.png,0261_jaylen-brown.jpg
0262_jaylen-clark.png,0262_jaylen-clark.jpg
0263_jaylen-wells.png,0263_jaylen-wells.jpg
0264_jaylin-williams.png,0264_jaylin-williams.jpg
0265_jaylon-tyson.png,0265_jaylon-tyson.jpg
0266_jayson-kent.png,0266_jayson-kent.jpg
0267_jayson-tatum.png,0267_jayson-tatum.jpg
0268_jeff-green.png,0268_jeff-green.jpg
0269_jerami-grant.png,0269_jerami-grant.jpg
0270_jeremiah-fears.png,0270_jeremiah-fears.jpg
0271_jeremiah-robinson-earl.png,0271_jeremiah-robinson-earl.jpg
0272_jeremy-sochan.png,0272_jeremy-sochan.jpg
0273_jericho-sims.png,0273_jericho-sims.jpg
0274_jett-howard.png,0274_jett-howard.jpg
0275_jevon-carter.png,0275_jevon-carter.jpg
0276_jimmy-butler-iii.png,0276_jimmy-butler-iii.jpg
0277_joan-beringer.png,0277_joan-beringer.jpg
0278_jock-landale.png,0278_jock-landale.jpg
0279_joe-ingles.png,0279_joe-ingles.jpg
0280_joel-embiid.png,0280_joel-embiid.jpg
0281_john-collins.png,0281_john-collins.jpg
0282_john-konchar.png,0282_john-konchar.jpg
0283_john-poulakidas.png,0283_john-poulakidas.jpg
0284_john-tonje.png,0284_john-tonje.jpg
0285_johni-broome.png,0285_johni-broome.jpg
0286_johnny-furphy.png,0286_johnny-furphy.jpg
0287_johnny-juzang.png,0287_johnny-juzang.jpg
0288_jonas-valan-i-nas.png,0288_jonas-valan-i-nas.jpg
0289_jonathan-isaac.png,0289_jonathan-isaac.jpg
0290_jonathan-kuminga.png,0290_jonathan-kuminga.jpg
0291_jonathan-mogbo.png,0291_jonathan-mogbo.jpg
0292_jordan-clarkson.png,0292_jordan-clarkson.jpg
0293_jordan-goodwin.png,0293_jordan-goodwin.jpg
0294_jordan-hawkins.png,0294_jordan-hawkins.jpg
0295_jordan-mclaughlin.png,0295_jordan-mclaughlin.jpg
0296_jordan-miller.png,0296_jordan-miller.jpg
0297_jordan-poole.png,0297_jordan-poole.jpg
0298_jordan-walsh.png,0298_jordan-walsh.jpg
0299_jose-alvarado.png,0299_jose-alvarado.jpg
0300_josh-giddey.png,0300_josh-giddey.jpg
0301_josh-green.png,0301_josh-green.jpg
0302_josh-hart.png,0302_josh-hart.jpg
0303_josh-minott.png,0303_josh-minott.jpg
0304_josh-oduro.png,0304_josh-oduro.jpg
0305_josh-okogie.png,0305_josh-okogie.jpg
0306_jrue-holiday.png,0306_jrue-holiday.jpg
0307_julian-champagnie.png,0307_julian-champagnie.jpg
0308_julian-phillips.png,0308_julian-phillips.jpg
0309_julian-reese.png,0309_julian-reese.jpg
0310_julian-strawther.png,0310_julian-strawther.jpg
0311_julius-randle.png,0311_julius-randle.jpg
0312_justin-champagnie.png,0312_justin-champagnie.jpg
0313_justin-edwards.png,0313_justin-edwards.jpg
0314_jusuf-nurki.png,0314_jusuf-nurki.jpg
0315_kj-simpson.png,0315_kj-simpson.jpg
0316_kadary-richmond.png,0316_kadary-richmond.jpg
0317_kam-jones.png,0317_kam-jones.jpg
0318_karl-anthony-towns.png,0318_karl-anthony-towns.jpg
0319_karlo-matkovi.png,0319_karlo-matkovi.jpg
0320_kasparas-jaku-ionis.png,0320_kasparas-jaku-ionis.jpg
0321_kawhi-leonard.png,0321_kawhi-leonard.jpg
0322_keaton-wallace.png,0322_keaton-wallace.jpg
0323_keegan-murray.png,0323_keegan-murray.jpg
0324_kel-el-ware.png,0324_kel-el-ware.jpg
0325_keldon-johnson.png,0325_keldon-johnson.jpg
0326_kelly-olynyk.png,0326_kelly-olynyk.jpg
0327_kelly-oubre-jr.png,0327_kelly-oubre-jr.jpg
0328_kennedy-chandler.png,0328_kennedy-chandler.jpg
0329_kenrich-williams.png,0329_kenrich-williams.jpg
0330_kentavious-caldwell-pope.png,0330_kentavious-caldwell-pope.jpg
0331_keon-ellis.png,0331_keon-ellis.jpg
0332_keshad-johnson.png,0332_keshad-johnson.jpg
0333_keshon-gilbert.png,0333_keshon-gilbert.jpg
0334_kevin-durant.png,0334_kevin-durant.jpg
0335_kevin-huerter.png,0335_kevin-huerter.jpg
0336_kevin-love.png,0336_kevin-love.jpg
0337_kevin-mccullar-jr.png,0337_kevin-mccullar-jr.jpg
0338_kevin-porter-jr.png,0338_kevin-porter-jr.jpg
0339_kevon-looney.png,0339_kevon-looney.jpg
0340_keyonte-george.png,0340_keyonte-george.jpg
0341_khaman-maluach.png,0341_khaman-maluach.jpg
0342_khris-middleton.png,0342_khris-middleton.jpg
0343_killian-hayes.png,0343_killian-hayes.jpg
0344_klay-thompson.png,0344_klay-thompson.jpg
0345_kobe-brown.png,0345_kobe-brown.jpg
0346_kobe-bufkin.png,0346_kobe-bufkin.jpg
0347_kobe-sanders.png,0347_kobe-sanders.jpg
0348_koby-brea.png,0348_koby-brea.jpg
0349_kon-knueppel.png,0349_kon-knueppel.jpg
0350_kris-dunn.png,0350_kris-dunn.jpg
0351_kris-murray.png,0351_kris-murray.jpg
0352_kristaps-porzi-is.png,0352_kristaps-porzi-is.jpg
0353_kyle-anderson.png,0353_kyle-anderson.jpg
0354_kyle-filipowski.png,0354_kyle-filipowski.jpg
0355_kyle-kuzma.png,0355_kyle-kuzma.jpg
0356_kyle-lowry.png,0356_kyle-lowry.jpg
0357_kyshawn-george.png,0357_kyshawn-george.jpg
0358_lj-cryer.png,0358_lj-cryer.jpg
0359_lamelo-ball.png,0359_lamelo-ball.jpg
0360_lachlan-olbrich.png,0360_lachlan-olbrich.jpg
0361_landry-shamet.png,0361_landry-shamet.jpg
0362_larry-nance-jr.png,0362_larry-nance-jr.jpg
0363_lauri-markkanen.png,0363_lauri-markkanen.jpg
0364_lawson-lovering.png,0364_lawson-lovering.jpg
0365_lebron-james.png,0365_lebron-james.jpg
0366_leaky-black.png,0366_leaky-black.jpg
0367_leonard-miller.png,0367_leonard-miller.jpg
0368_liam-mcneeley.png,0368_liam-mcneeley.jpg
0369_lindy-waters-iii.png,0369_lindy-waters-iii.jpg
0370_lonzo-ball.png,0370_lonzo-ball.jpg
0371_lucas-williamson.png,0371_lucas-williamson.jpg
0372_luguentz-dort.png,0372_luguentz-dort.jpg
0373_luka-don-i.png,0373_luka-don-i.jpg
0374_luka-garza.png,0374_luka-garza.jpg
0375_luke-kennard.png,0375_luke-kennard.jpg
0376_luke-kornet.png,0376_luke-kornet.jpg
0377_luke-travers.png,0377_luke-travers.jpg
0378_mac-mcclung.png,0378_mac-mcclung.jpg
0379_malachi-smith.png,0379_malachi-smith.jpg
0380_malaki-branham.png,0380_malaki-branham.jpg
0381_malevy-leons.png,0381_malevy-leons.jpg
0382_malik-monk.png,0382_malik-monk.jpg
0383_marjon-beauchamp.png,0383_marjon-beauchamp.jpg
0384_marcus-sasser.png,0384_marcus-sasser.jpg
0385_marcus-smart.png,0385_marcus-smart.jpg
0386_mark-sears.png,0386_mark-sears.jpg
0387_mark-williams.png,0387_mark-williams.jpg
0388_markelle-fultz.png,0388_markelle-fultz.jpg
0389_marvin-bagley-iii.png,0389_marvin-bagley-iii.jpg
0390_mason-plumlee.png,0390_mason-plumlee.jpg
0391_matas-buzelis.png,0391_matas-buzelis.jpg
0392_matisse-thybulle.png,0392_matisse-thybulle.jpg
0393_max-christie.png,0393_max-christie.jpg
0394_max-shulga.png,0394_max-shulga.jpg
0395_max-strus.png,0395_max-strus.jpg
0396_maxi-kleber.png,0396_maxi-kleber.jpg
0397_maxime-raynaud.png,0397_maxime-raynaud.jpg
0398_micah-peavy.png,0398_micah-peavy.jpg
0399_micah-potter.png,0399_micah-potter.jpg
0400_michael-porter-jr.png,0400_michael-porter-jr.jpg
0401_mikal-bridges.png,0401_mikal-bridges.jpg
0402_mike-conley.png,0402_mike-conley.jpg
0403_miles-bridges.png,0403_miles-bridges.jpg
0404_miles-kelly.png,0404_miles-kelly.jpg
0405_miles-mcbride.png,0405_miles-mcbride.jpg
0406_mitchell-robinson.png,0406_mitchell-robinson.jpg
0407_mo-bamba.png,0407_mo-bamba.jpg
0408_mohamed-diawara.png,0408_mohamed-diawara.jpg
0409_mont-morris.png,0409_mont-morris.jpg
0410_moritz-wagner.png,0410_moritz-wagner.jpg
0411_moses-moody.png,0411_moses-moody.jpg
0412_mouhamadou-gueye.png,0412_mouhamadou-gueye.jpg
0413_mouhamed-gueye.png,0413_mouhamed-gueye.jpg
0414_moussa-cisse.png,0414_moussa-cisse.jpg
0415_moussa-diabat.png,0415_moussa-diabat.jpg
0416_myles-turner.png,0416_myles-turner.jpg
0417_myron-gardner.png,0417_myron-gardner.jpg
0418_n-faly-dante.png,0418_n-faly-dante.jpg
0419_nae-qwan-tomlin.png,0419_nae-qwan-tomlin.jpg
0420_naji-marshall.png,0420_naji-marshall.jpg
0421_nate-williams.png,0421_nate-williams.jpg
0422_naz-reid.png,0422_naz-reid.jpg
0423_neemias-queta.png,0423_neemias-queta.jpg
0424_nic-claxton.png,0424_nic-claxton.jpg
0425_nick-richards.png,0425_nick-richards.jpg
0426_nick-smith-jr.png,0426_nick-smith-jr.jpg
0427_nickeil-alexander-walker.png,0427_nickeil-alexander-walker.jpg
0428_nicolas-batum.png,0428_nicolas-batum.jpg
0429_nigel-hayes-davis.png,0429_nigel-hayes-davis.jpg
0430_nikola-joki.png,0430_nikola-joki.jpg
0431_nikola-jovi.png,0431_nikola-jovi.jpg
0432_nikola-topi.png,0432_nikola-topi.jpg
0433_nikola-vu-evi.png,0433_nikola-vu-evi.jpg
0434_nique-clifford.png,0434_nique-clifford.jpg
0435_noa-essengue.png,0435_noa-essengue.jpg
0436_noah-clowney.png,0436_noah-clowney.jpg
0437_noah-penda.png,0437_noah-penda.jpg
0438_nolan-traore.png,0438_nolan-traore.jpg
0439_norchad-omier.png,0439_norchad-omier.jpg
0440_norman-powell.png,0440_norman-powell.jpg
0441_og-anunoby.png,0441_og-anunoby.jpg
0442_obi-toppin.png,0442_obi-toppin.jpg
0443_ochai-agbaji.png,0443_ochai-agbaji.jpg
0444_olivier-sarr.png,0444_olivier-sarr.jpg
0445_olivier-maxence-prosper.png,0445_olivier-maxence-prosper.jpg
0446_onyeka-okongwu.png,0446_onyeka-okongwu.jpg
0447_orlando-robinson.png,0447_orlando-robinson.jpg
0448_oscar-tshiebwe.png,0448_oscar-tshiebwe.jpg
0449_oso-ighodaro.png,0449_oso-ighodaro.jpg
0450_ousmane-dieng.png,0450_ousmane-dieng.jpg
0451_p-j-washington.png,0451_p-j-washington.jpg
0452_pj-hall.png,0452_pj-hall.jpg
0453_pac-me-dadiet.png,0453_pac-me-dadiet.jpg
0454_paolo-banchero.png,0454_paolo-banchero.jpg
0455_pascal-siakam.png,0455_pascal-siakam.jpg
0456_pat-connaughton.png,0456_pat-connaughton.jpg
0457_pat-spencer.png,0457_pat-spencer.jpg
0458_patrick-baldwin-jr.png,0458_patrick-baldwin-jr.jpg
0459_patrick-williams.png,0459_patrick-williams.jpg
0460_paul-george.png,0460_paul-george.jpg
0461_paul-reed.png,0461_paul-reed.jpg
0462_payton-pritchard.png,0462_payton-pritchard.jpg
0463_payton-sandfort.png,0463_payton-sandfort.jpg
0464_pelle-larsson.png,0464_pelle-larsson.jpg
0465_pete-nance.png,0465_pete-nance.jpg
0466_peyton-watson.png,0466_peyton-watson.jpg
0467_precious-achiuwa.png,0467_precious-achiuwa.jpg
0468_quentin-grimes.png,0468_quentin-grimes.jpg
0469_quenton-jackson.png,0469_quenton-jackson.jpg
0470_quinten-post.png,0470_quinten-post.jpg
0471_rj-barrett.png,0471_rj-barrett.jpg
0472_rasheer-fleming.png,0472_rasheer-fleming.jpg
0473_rayj-dennis.png,0473_rayj-dennis.jpg
0474_rayan-rupert.png,0474_rayan-rupert.jpg
0475_reed-sheppard.png,0475_reed-sheppard.jpg
0476_riley-minix.png,0476_riley-minix.jpg
0477_rob-dillingham.png,0477_rob-dillingham.jpg
0478_robert-williams-iii.png,0478_robert-williams-iii.jpg
0479_rocco-zikarsky.png,0479_rocco-zikarsky.jpg
0480_ron-harper-jr.png,0480_ron-harper-jr.jpg
0481_ronald-holland-ii.png,0481_ronald-holland-ii.jpg
0482_royce-o-neale.png,0482_royce-o-neale.jpg
0483_rudy-gobert.png,0483_rudy-gobert.jpg
0484_rui-hachimura.png,0484_rui-hachimura.jpg
0485_russell-westbrook.png,0485_russell-westbrook.jpg
0486_ryan-dunn.png,0486_ryan-dunn.jpg
0487_ryan-kalkbrenner.png,0487_ryan-kalkbrenner.jpg
0488_ryan-nembhard.png,0488_ryan-nembhard.jpg
0489_ryan-rollins.png,0489_ryan-rollins.jpg
0490_saddiq-bey.png,0490_saddiq-bey.jpg
0491_sam-hauser.png,0491_sam-hauser.jpg
0492_sam-merrill.png,0492_sam-merrill.jpg
0493_sandro-mamukelashvili.png,0493_sandro-mamukelashvili.jpg
0494_santi-aldama.png,0494_santi-aldama.jpg
0495_scoot-henderson.png,0495_scoot-henderson.jpg
0496_scottie-barnes.png,0496_scottie-barnes.jpg
0497_scotty-pippen-jr.png,0497_scotty-pippen-jr.jpg
0498_sean-pedulla.png,0498_sean-pedulla.jpg
0499_seth-curry.png,0499_seth-curry.jpg
0500_shaedon-sharpe.png,0500_shaedon-sharpe.jpg
0501_shai-gilgeous-alexander.png,0501_shai-gilgeous-alexander.jpg
0502_sharife-cooper.png,0502_sharife-cooper.jpg
0503_sidy-cissoko.png,0503_sidy-cissoko.jpg
0504_simone-fontecchio.png,0504_simone-fontecchio.jpg
0505_sion-james.png,0505_sion-james.jpg
0506_skal-labissi-re.png,0506_skal-labissi-re.jpg
0507_spencer-jones.png,0507_spencer-jones.jpg
0508_stanley-umude.png,0508_stanley-umude.jpg
0509_stephen-curry.png,0509_stephen-curry.jpg
0510_stephon-castle.png,0510_stephon-castle.jpg
0511_steven-adams.png,0511_steven-adams.jpg
0512_svi-mykhailiuk.png,0512_svi-mykhailiuk.jpg
0513_t-j-mcconnell.png,0513_t-j-mcconnell.jpg
0514_taelon-peter.png,0514_taelon-peter.jpg
0515_taj-gibson.png,0515_taj-gibson.jpg
0516_tari-eason.png,0516_tari-eason.jpg
0517_taurean-prince.png,0517_taurean-prince.jpg
0518_taylor-hendricks.png,0518_taylor-hendricks.jpg
0519_terance-mann.png,0519_terance-mann.jpg
0520_terrence-shannon-jr.png,0520_terrence-shannon-jr.jpg
0521_thanasis-antetokounmpo.png,0521_thanasis-antetokounmpo.jpg
0522_thomas-bryant.png,0522_thomas-bryant.jpg
0523_tidjane-sala-n.png,0523_tidjane-sala-n.jpg
0524_tim-hardaway-jr.png,0524_tim-hardaway-jr.jpg
0525_tobias-harris.png,0525_tobias-harris.jpg
0526_toby-okani.png,0526_toby-okani.jpg
0527_tolu-smith.png,0527_tolu-smith.jpg
0528_tony-bradley.png,0528_tony-bradley.jpg
0529_tosan-evbuomwan.png,0529_tosan-evbuomwan.jpg
0530_toumani-camara.png,0530_toumani-camara.jpg
0531_trae-young.png,0531_trae-young.jpg
0532_trayce-jackson-davis.png,0532_trayce-jackson-davis.jpg
0533_tre-johnson.png,0533_tre-johnson.jpg
0534_tre-jones.png,0534_tre-jones.jpg
0535_tre-mann.png,0535_tre-mann.jpg
0536_trendon-watford.png,0536_trendon-watford.jpg
0537_trentyn-flowers.png,0537_trentyn-flowers.jpg
0538_trevon-scott.png,0538_trevon-scott.jpg
0539_trevor-keels.png,0539_trevor-keels.jpg
0540_trey-alexander.png,0540_trey-alexander.jpg
0541_trey-jemison-iii.png,0541_trey-jemison-iii.jpg
0542_trey-murphy-iii.png,0542_trey-murphy-iii.jpg
0543_tristan-enaruna.png,0543_tristan-enaruna.jpg
0544_tristan-vukcevic.png,0544_tristan-vukcevic.jpg
0545_tristan-da-silva.png,0545_tristan-da-silva.jpg
0546_tristen-newton.png,0546_tristen-newton.jpg
0547_ty-jerome.png,0547_ty-jerome.jpg
0548_tyty-washington-jr.png,0548_tyty-washington-jr.jpg
0549_tyler-burton.png,0549_tyler-burton.jpg
0550_tyler-herro.png,0550_tyler-herro.jpg
0551_tyler-kolek.png,0551_tyler-kolek.jpg
0552_tyler-smith.png,0552_tyler-smith.jpg
0553_tyrese-martin.png,0553_tyrese-martin.jpg
0554_tyrese-maxey.png,0554_tyrese-maxey.jpg
0555_tyrese-proctor.png,0555_tyrese-proctor.jpg
0556_tyson-etienne.png,0556_tyson-etienne.jpg
0557_tyus-jones.png,0557_tyus-jones.jpg
0558_vj-edgecombe.png,0558_vj-edgecombe.jpg
0559_victor-wembanyama.png,0559_victor-wembanyama.jpg
0560_vince-williams-jr.png,0560_vince-williams-jr.jpg
0561_vladislav-goldin.png,0561_vladislav-goldin.jpg
0562_v-t-krej.png,0562_v-t-krej.jpg
0563_walker-kessler.png,0563_walker-kessler.jpg
0564_walter-clayton-jr.png,0564_walter-clayton-jr.jpg
0565_wendell-carter-jr.png,0565_wendell-carter-jr.jpg
0566_wendell-moore-jr.png,0566_wendell-moore-jr.jpg
0567_will-richard.png,0567_will-richard.jpg
0568_will-riley.png,0568_will-riley.jpg
0569_xavier-tillman.png,0569_xavier-tillman.jpg
0570_yang-hansen.png,0570_yang-hansen.jpg
0571_yanic-konan-niederh-user.png,0571_yanic-konan-niederh-user.jpg
0572_yuki-kawamura.png,0572_yuki-kawamura.jpg
0573_yves-missi.png,0573_yves-missi.jpg
0574_zaccharie-risacher.png,0574_zaccharie-risacher.jpg
0575_zach-collins.png,0575_zach-collins.jpg
0576_zach-edey.png,0576_zach-edey.jpg
0577_zach-lavine.png,0577_zach-lavine.jpg
0578_zeke-nnaji.png,0578_zeke-nnaji.jpg
0579_ziaire-williams.png,0579_ziaire-williams.jpg
0580_zion-williamson.png,0580_zion-williamson.jpg
0581_zyon-pullin.png,0581_zyon-pullin.jpg
0582_mer-yurtseven.png,0582_mer-yurtseven.jpg
